CLOTH,CHEST,LENGTH,SIZE
T-shirt,37,26,S
T-shirt,37,27,S
T-shirt,39,27,M
T-shirt,42,28,M
T-shirt,45,29,XL
T-shirt,49,31,XXL
T-shirt,53,31,3XL
T-shirt,57,31,4XL
T-shirt,38,26,S
T-shirt,38,27,S
T-shirt,40,28,M
T-shirt,41,29,M
T-shirt,46,31,XL
T-shirt,50,31,XXL
T-shirt,54,31,3XL
T-shirt,58,24,4XL
T-shirt,37,27,S
T-shirt,37,28,S
T-shirt,39,28,M
T-shirt,42,29,M
T-shirt,45,30,XL
T-shirt,49,32,XXL
T-shirt,53,32,3XL
T-shirt,57,33,4XL
T-shirt,38,27,S
T-shirt,38,28,S
T-shirt,40,29,M
T-shirt,41,30,M
T-shirt,46,32,XL
T-shirt,50,32,XXL
T-shirt,54,32,3XL
T-shirt,58,25,4XL
Sweatshirt,38,26,S
Sweatshirt,40,28,M
Sweatshirt,43,28,L
Sweatshirt,46,26,XL
Sweatshirt,50,28,XXL
Sweatshirt,54,30,3XL
Sweatshirt,58,34,4XL
Sweatshirt,39,26,S
Sweatshirt,41,28,M
Sweatshirt,44,28,L
Sweatshirt,47,26,XL
Sweatshirt,51,28,XXL
Sweatshirt,55,30,3XL
Sweatshirt,56,30,3XL
Sweatshirt,57,30,3XL
Sweatshirt,59,34,4XL
Sweatshirt,38,25,S
Sweatshirt,40,29,M
Sweatshirt,43,27,L
Sweatshirt,46,27,XL
Sweatshirt,50,29,XXL
Sweatshirt,54,31,3XL
Sweatshirt,58,35,4XL
Sweatshirt,39,27,S
Sweatshirt,41,29,M
Sweatshirt,44,27,L
Sweatshirt,47,27,XL
Sweatshirt,51,29,XXL
Sweatshirt,55,31,3XL
Sweatshirt,56,31,3XL
Sweatshirt,57,33,3XL
Sweatshirt,59,35,4XL
Tops,32,26,S
Tops,34,28,S
Tops,36,30,S
Tops,38,32,M
Tops,40,34,L
Tops,42,36,XL
Tops,44,38,XL
Tops,46,40,XL
Tops,46,38,XL
Tops,48,40,XL
Tops,50,42,XL
Tops,52,44,2XL
Tops,54,46,2XL
Tops,56,46,3XL
Tops,58,48,4XL
Tops,60,50,4XL
hoodie,32,26,S
hoodie,34,28,S
hoodie,36,30,S
hoodie,38,32,M
hoodie,40,34,L
hoodie,42,36,XL
hoodie,44,38,XL
hoodie,46,40,XL
hoodie,46,38,XL
hoodie,48,40,XL
hoodie,50,42,XL
hoodie,52,44,2XL
hoodie,54,46,2XL
hoodie,56,46,3XL
hoodie,58,48,4XL
hoodie,60,50,4XL
jackets,38,26,S
jackets,40,28,M
jackets,43,28,L
jackets,46,26,XL
jackets,50,28,XXL
jackets,54,30,3XL
jackets,58,34,4XL
jackets,39,26,S
jackets,41,28,M
jackets,44,28,L
jackets,47,26,XL
jackets,51,28,XXL
jackets,55,30,3XL
jackets,56,30,3XL
jackets,57,30,3XL
jackets,59,34,4XL
jackets,38,25,S
jackets,40,29,M
jackets,43,27,L
jackets,46,27,XL
jackets,50,29,XXL
jackets,54,31,3XL
jackets,58,35,4XL
jackets,39,27,S
jackets,41,29,M
jackets,44,27,L
jackets,47,27,XL
jackets,51,29,XXL
jackets,55,31,3XL
jackets,56,31,3XL
jackets,57,33,3XL
jackets,59,35,4XL
